team,studentId,name
Slytherin,2647101,Abel Dsouza
Slytherin,2647102,Aditya Basu
Slytherin,2647104,Akriti Tigga
Slytherin,2647108,Alisha Verma
Slytherin,2647117,Chethan Raj L
Slytherin,2647147,Sakshi Kumari
Slytherin,2647149,Shafiya Taj
Slytherin,2647155,Swastik Sahu
Slytherin,2647160,Yusuf Shahnwas Ansari
Slytherin,2647165,Gayathri V S
The Nine-Nine,2647110,Amlan Shanker
The Nine-Nine,2647114,Anooja Sreenivasan
The Nine-Nine,2647120,Dibam Ranjan Sinha
The Nine-Nine,2647124,Hemala Mohanraj
The Nine-Nine,2647129,Jude Vijay Chowri
The Nine-Nine,2647132,Khushi N Purohit
The Nine-Nine,2647133,Kirthan Thomas
The Nine-Nine,2647142,Priya Pratheesh
The Nine-Nine,2647143,Raghav Anand
The Nine-Nine,2647144,Revant Raj
Anakonda,2647113,Ankit Anand
Anakonda,2647116,C Melvyn Savio
Anakonda,2647119,Deore Arnav Ravindra
Anakonda,2647122,Gerard Nicholas Paul M
Anakonda,2647130,Judith M
Anakonda,2647131,Khushi Jain
Anakonda,2647136,Lokraj Joshi
Anakonda,2647151,Sodagum Venkata Kaushik
Anakonda,2647152,Soukhya Gurupad Hegde
Anakonda,2647158,Vishal B G
Tech Titans,2647109,Aman Sah
Tech Titans,2647135,Laby Jiji Ninan
Tech Titans,2647137,Manan Hemani
Tech Titans,2647138,Matthew Panachamoottil Eapen
Tech Titans,2647140,Philip Reji Rajan
Tech Titans,2647150,Shubh Pradhan
Tech Titans,2647156,Titus Mathew
Tech Titans,2647159,Vishnu R
Tech Titans,2647164,Suraj Raj
Tech Titans,2647166,Udaya Raghavendra
Strange_Things,2647111,Angel Mariya C.J
Strange_Things,2647112,Angeline Daise Joe
Strange_Things,2647118,Deepanjali S
Strange_Things,2647127,Jacinta Joseph
Strange_Things,2647128,Joshal Leon Dsouza
Strange_Things,2647139,Palak Kashyap
Strange_Things,2647146,Sabari Kesav S
Strange_Things,2647154,Steve S Palakalam
Strange_Things,2647157,Varsha Sanjay
Strange_Things,2647162,Abhinab Kumar
Upside Down,2647103,Adrian Johan Leslie
Upside Down,2647105,Aksa Maria Thomas
Upside Down,2647107,Alby Jose
Upside Down,2647115,Arpitha Theresa M A
Upside Down,2647121,Feba Reji
Upside Down,2647126,Iwin Jose
Upside Down,2647145,S Anand
Upside Down,2647148,Sandeep Mathew
Upside Down,2647153,Sourav Bose
Upside Down,2647163,Angel Rose Saju
